{
  "accuracy": 0.9512195121951219,
  "precision": 0.96875,
  "recall": 0.9393939393939394,
  "f1": 0.9538461538461539,
  "roc_auc": 0.9678362573099416,
  "confusion_matrix": [
    [
      55,
      2
    ],
    [
      4,
      62
    ]
  ],
  "n_test": 123
}