{
  "accuracy": 0.8709677419354839,
  "precision": 0.9375,
  "recall": 0.8333333333333334,
  "f1": 0.8823529411764706,
  "roc_auc": 0.8910256410256412,
  "confusion_matrix": [
    [
      12,
      1
    ],
    [
      3,
      15
    ]
  ],
  "n_test": 31
}