{"model": "ConvNeXt-Tiny + LogReg", "y_true": [0, 0, 0, 0, 0, 0, 0, 0, 0, 0, 0, 0, 0, 0, 0, 0, 0, 0, 0, 0, 0, 0, 0, 0, 0, 0, 0, 0, 0, 0, 0, 0, 0, 0, 0, 0, 0, 0, 0, 0, 0, 0, 0, 0, 0, 0, 0, 0, 0, 0, 0, 0, 0, 0, 0, 0, 0, 1, 1, 1, 1, 1, 1, 1, 1, 1, 1, 1, 1, 1, 1, 1, 1, 1, 1, 1, 1, 1, 1, 1, 1, 1, 1, 1, 1, 1, 1, 1, 1, 1, 1, 1, 1, 1, 1, 1, 1, 1, 1, 1, 1, 1, 1, 1, 1, 1, 1, 1, 1, 1, 1, 1, 1, 1, 1, 1, 1, 1, 1, 1, 1, 1, 1], "y_pred": [0, 0, 0, 0, 0, 0, 0, 0, 0, 0, 0, 0, 0, 0, 0, 0, 0, 0, 0, 0, 0, 0, 0, 0, 0, 0, 0, 0, 0, 0, 0, 0, 0, 0, 0, 0, 0, 0, 1, 0, 1, 0, 0, 0, 0, 0, 0, 0, 0, 0, 0, 0, 0, 0, 0, 0, 0, 1, 1, 1, 1, 1, 1, 1, 1, 1, 1, 1, 1, 1, 1, 1, 1, 1, 1, 1, 1, 1, 1, 1, 1, 1, 1, 1, 1, 1, 1, 1, 1, 1, 1, 1, 1, 1, 1, 1, 1, 1, 1, 0, 1, 1, 1, 1, 1, 1, 1, 1, 1, 0, 1, 1, 0, 1, 1, 1, 1, 1, 0, 1, 1, 1, 1], "y_score": [0.005294729236830572, 0.005194526780006623, 0.0009367642426296686, 0.0006218253015142671, 0.41804929889941195, 0.00038400097423053843, 0.010106990101719799, 0.0026041105184325453, 0.0002419276802062832, 0.19905907904465928, 0.0003693269329696923, 0.0010925034651559993, 0.002609315272014806, 0.00015379348921425848, 0.005346990285633506, 0.02790429892153751, 0.0887892102989032, 0.0023853731492618157, 0.0032335802800160054, 0.0009870587949724107, 0.007696492879229154, 0.004616700763715554, 0.0009355837524936415, 0.026898907943242668, 0.0016580381089487217, 0.0011477244112292197, 0.002802488894657851, 0.00022673476339891136, 0.02305429938650704, 0.08957179343858244, 0.177421840253723, 0.00046623437462178086, 0.00015573014808264882, 0.1856617448801859, 0.0007644920168042229, 0.4915337217407634, 0.0006631622663872509, 0.037979424775037955, 0.8643052381803163, 0.08724449546902364, 0.6174148328399078, 0.0018792100919744707, 0.013953418669243859, 0.00617306334407875, 0.004036339568929406, 0.08916894899329812, 0.11073933868027218, 0.19504683121635435, 0.0028649976065966134, 0.2922646412475913, 0.014285336468782434, 0.0004198044092393402, 0.0011240725369615625, 0.004427233415372467, 0.0005967067471808502, 0.2534055819777032, 0.00012741299027227136, 0.9301631207014941, 0.9792993914031449, 0.9996620903079046, 0.9955328330141269, 0.9995226869669744, 0.9988768093524095, 0.9693425698967171, 0.9996752385182535, 0.9916203098373857, 0.9931592099684403, 0.9928457930322164, 0.9873609842509509, 0.9993054168962793, 0.9996338050305984, 0.9999925168185436, 0.9999702421734721, 0.9998890024275878, 0.9950165026356552, 0.9999767728666329, 0.9965465437480351, 0.8764960435256585, 0.9981609134156466, 0.9006995527870046, 0.9934793249305403, 0.9998597766808769, 0.999788580439539, 0.9919011963577093, 0.9999337363799403, 0.9985256797792269, 0.9999756014244005, 0.9997270569700248, 0.9988582096649704, 0.9301833254593304, 0.9997779055278532, 0.9988061116043535, 0.9976063580208939, 0.9980458806017544, 0.9989580445909545, 0.9931954752516363, 0.8418248058442105, 0.9452569796382173, 0.9994315848466936, 0.4564997550424656, 0.9999821030082661, 0.9990249201434672, 0.9994528348397571, 0.9996684423412189, 0.9998814063031894, 0.999911355339889, 0.9998214717598487, 0.9998605182681413, 0.999852765434191, 0.00015573014808264882, 0.9848888656152374, 0.99042620728247, 0.0007644920168042229, 0.9996461466052197, 0.9977505018287884, 0.9234817452482744, 0.8643052381803163, 0.5374408224924002, 0.08724449546902364, 0.85051081561167, 0.9587345570805349, 0.9498184758601077, 0.9831708792000832], "paths": ["dataset\\real\\IMG-20251016-WA0011.jpg", "dataset\\real\\IMG-20251108-WA0011.jpg", "dataset\\real\\IMG-20251211-WA0007.jpeg", "dataset\\real\\IMG-20251211-WA0012.jpeg", "dataset\\real\\IMG-20251219-WA0002.jpeg", "dataset\\real\\IMG-20260104-WA0003.jpg", "dataset\\real\\IMG-20260115-WA0003.jpg", "dataset\\real\\IMG-20260115-WA0004.jpg", "dataset\\real\\IMG-20260126-WA0001.jpg", "dataset\\real\\IMG-20260217-WA0005.jpg", "dataset\\real\\IMG-20260222-WA0007.jpg", "dataset\\real\\IMG-20260413-WA0003.jpg", "dataset\\real\\IMG-20260503-WA0001.jpg", "dataset\\real\\IMG-20260507-WA0008.jpg", "dataset\\real\\IMG-20260512-WA0000.jpeg", "dataset\\real\\IMG-20260520-WA0011.jpeg", "dataset\\real\\IMG-20260525-WA0001.jpg", "dataset\\real\\IMG-20260616-WA0020.jpg", "dataset\\real\\IMG-20260617-WA0010.jpg", "dataset\\real\\IMG_20251104_122353_644.jpg", "dataset\\real\\IMG_20251104_122417_349.jpg", "dataset\\real\\IMG_20251211_035034_307.jpg", "dataset\\real\\IMG_20251211_035042_023.jpg", "dataset\\real\\IMG_20251211_035046_260.jpg", "dataset\\real\\IMG_20251211_035236_566.jpg", "dataset\\real\\IMG_20251211_035246_448.jpg", "dataset\\real\\IMG_20251211_035254_147.jpg", "dataset\\real\\IMG_20260108_185226_855.jpg", "dataset\\real\\IMG_20260404_183351_317.jpg", "dataset\\real\\IMG_20260405_115901_330.jpg", "dataset\\real\\IMG_20260521_220654_461.jpg", "dataset\\real\\IMG_20260617_214706_932.jpg", "dataset\\real\\IMG_20260629_215106_528.jpg", "dataset\\real\\IMG_20260629_215223_286.jpg", "dataset\\real\\IMG_20260629_215241_422.jpg", "dataset\\real\\IMG_20260629_233902_083.jpg", "dataset\\real\\IMG_20260629_233959_772.jpg", "dataset\\real\\IMG_20260629_234017_307.jpg", "dataset\\real\\IMG_20260629_234148_181.jpg", "dataset\\real\\IMG_20260629_234215_374.jpg", "dataset\\real\\IMG_20260630_124421_443.jpg", "dataset\\real\\IMG_20260630_191502_302.jpg", "dataset\\real\\IMG_20260630_191505_807.jpg", "dataset\\real\\IMG_20260630_191515_369.jpg", "dataset\\real\\IMG_20260630_191523_522.jpg", "dataset\\real\\IMG_20260630_191534_803.jpg", "dataset\\real\\IMG_20260630_191557_604.jpg", "dataset\\real\\IMG_20260630_192311_239.jpg", "dataset\\real\\Screenshot_20251219-172143.jpg", "dataset\\real\\Screenshot_20260103-214804.jpg", "dataset\\real\\Screenshot_20260107-132049.jpg", "dataset\\real\\Screenshot_20260212-111052.jpg", "dataset\\real\\Screenshot_20260216-142232.jpg", "dataset\\real\\Screenshot_20260507-040050.jpg", "dataset\\real\\Screenshot_20260525-011953.jpg", "dataset\\real\\Screenshot_20260526-102635.jpg", "dataset\\real\\Screenshot_20260616-032138.jpg", "dataset\\screen\\IMG-20251020-WA0007.jpg", "dataset\\screen\\IMG-20251030-WA0002.jpg", "dataset\\screen\\IMG-20251031-WA0008.jpg", "dataset\\screen\\IMG-20251110-WA0006.jpg", "dataset\\screen\\IMG-20251112-WA0011.jpeg", "dataset\\screen\\IMG-20251118-WA0007.jpg", "dataset\\screen\\IMG-20251119-WA0008.jpg", "dataset\\screen\\IMG-20251126-WA0022.jpg", "dataset\\screen\\IMG-20251126-WA0024.jpg", "dataset\\screen\\IMG-20251126-WA0027.jpg", "dataset\\screen\\IMG-20251126-WA0028.jpg", "dataset\\screen\\IMG-20251203-WA0008.jpg", "dataset\\screen\\IMG-20251203-WA0014.jpg", "dataset\\screen\\IMG-20251204-WA0005.jpg", "dataset\\screen\\IMG-20251204-WA0006.jpg", "dataset\\screen\\IMG-20251204-WA0007.jpg", "dataset\\screen\\IMG-20251205-WA0001.jpg", "dataset\\screen\\IMG-20251205-WA0004.jpg", "dataset\\screen\\IMG-20251205-WA0008.jpg", "dataset\\screen\\IMG-20251209-WA0006.jpg", "dataset\\screen\\IMG-20251209-WA0017.jpg", "dataset\\screen\\IMG-20251230-WA0010.jpg", "dataset\\screen\\IMG-20260115-WA0010.jpg", "dataset\\screen\\IMG-20260123-WA0009.jpg", "dataset\\screen\\IMG-20260211-WA0001.jpg", "dataset\\screen\\IMG-20260211-WA0002.jpg", "dataset\\screen\\IMG-20260211-WA0004.jpg", "dataset\\screen\\IMG-20260211-WA0006.jpg", "dataset\\screen\\IMG-20260211-WA0007.jpg", "dataset\\screen\\IMG-20260304-WA0000.jpg", "dataset\\screen\\IMG-20260322-WA0003.jpg", "dataset\\screen\\IMG-20260326-WA0005.jpg", "dataset\\screen\\IMG-20260415-WA0004.jpg", "dataset\\screen\\IMG-20260513-WA0003.jpg", "dataset\\screen\\IMG-20260514-WA0001.jpg", "dataset\\screen\\IMG-20260518-WA0005.jpg", "dataset\\screen\\IMG-20260518-WA0009.jpg", "dataset\\screen\\IMG-20260606-WA0004.jpeg", "dataset\\screen\\IMG-20260606-WA0006.jpeg", "dataset\\screen\\IMG-20260609-WA0005.jpeg", "dataset\\screen\\IMG-20260630-WA0002.jpg", "dataset\\screen\\IMG-20260630-WA0005.jpg", "dataset\\screen\\IMG_20251117_211656_231.jpg", "dataset\\screen\\IMG_20260106_213026_874.jpg", "dataset\\screen\\IMG_20260116_105018_760.jpg", 